epoch,step,test_acc,test_aon,train_acc,train_aon,train_loss,val_acc,val_aon,val_loss
0,49,,,0.800000011920929,0.0,0.41358646750450134,,,
0,99,,,0.8999999761581421,0.0,0.30498379468917847,,,
0,149,,,0.699999988079071,0.0,0.5477961897850037,,,
0,199,,,0.800000011920929,0.0,0.29413241147994995,,,
0,249,,,1.0,1.0,0.2743026614189148,,,
0,299,,,1.0,1.0,0.23755379021167755,,,
0,349,,,0.699999988079071,0.0,0.5762125849723816,,,
0,399,,,0.800000011920929,0.0,0.3698433041572571,,,
0,449,,,0.800000011920929,0.0,0.39622682332992554,,,
0,499,,,1.0,1.0,0.26621323823928833,,,
0,549,,,0.800000011920929,0.0,0.3499904274940491,,,
0,599,,,0.699999988079071,0.0,0.4935089945793152,,,
0,649,,,0.699999988079071,0.0,0.48338937759399414,,,
0,699,,,0.8999999761581421,0.0,0.3202509880065918,,,
0,749,,,0.699999988079071,0.0,0.7055497169494629,,,
0,799,,,0.6000000238418579,0.0,0.8248234987258911,,,
0,849,,,0.8999999761581421,0.0,0.38474538922309875,,,
0,899,,,0.5,0.0,0.6903175711631775,,,
0,949,,,0.8999999761581421,0.0,0.24980564415454865,,,
0,999,,,0.800000011920929,0.0,0.3531222343444824,,,
0,1049,,,1.0,1.0,0.2819601595401764,,,
0,1099,,,0.699999988079071,0.0,0.5699409246444702,,,
0,1149,,,0.800000011920929,0.0,0.4967355728149414,,,
0,1199,,,1.0,1.0,0.16032375395298004,,,
0,1249,,,0.699999988079071,0.0,0.632081151008606,,,
0,1299,,,0.699999988079071,0.0,0.6605280637741089,,,
0,1349,,,0.800000011920929,0.0,0.43693047761917114,,,
0,1399,,,0.800000011920929,0.0,0.4320286810398102,,,
0,1449,,,0.6000000238418579,0.0,0.7656940221786499,,,
0,1499,,,0.5,0.0,0.7782082557678223,,,
0,1549,,,0.699999988079071,0.0,0.45916658639907837,,,
0,1599,,,0.8999999761581421,0.0,0.3261224627494812,,,
0,1649,,,0.800000011920929,0.0,0.35835614800453186,,,
0,1699,,,0.800000011920929,0.0,0.36789819598197937,,,
0,1749,,,0.6000000238418579,0.0,0.6845961213111877,,,
0,1799,,,0.800000011920929,0.0,0.3443419337272644,,,
0,1849,,,1.0,1.0,0.16819608211517334,,,
0,1899,,,0.6000000238418579,0.0,1.0259698629379272,,,
0,1949,,,0.8999999761581421,0.0,0.42500677704811096,,,
0,1999,,,0.8999999761581421,0.0,0.19314314424991608,,,
0,2049,,,1.0,1.0,0.19582624733448029,,,
0,2099,,,0.6000000238418579,0.0,0.5534915328025818,,,
0,2149,,,0.800000011920929,0.0,0.3889492452144623,,,
0,2199,,,0.8999999761581421,0.0,0.22130835056304932,,,
0,2249,,,0.800000011920929,0.0,0.3610677123069763,,,
0,2299,,,0.6000000238418579,0.0,0.5860549807548523,,,
0,2349,,,0.6000000238418579,0.0,0.8222640752792358,,,
0,2399,,,0.699999988079071,0.0,0.4930684566497803,,,
0,2449,,,0.800000011920929,0.0,0.5605023503303528,,,
0,2499,,,1.0,1.0,0.15193013846874237,,,
0,2549,,,0.6000000238418579,0.0,0.9009866714477539,,,
0,2599,,,0.800000011920929,0.0,0.3802095353603363,,,
0,2649,,,0.8999999761581421,0.0,0.3472997546195984,,,
0,2699,,,1.0,1.0,0.11079291999340057,,,
0,2749,,,0.6000000238418579,0.0,0.6822749376296997,,,
0,2799,,,1.0,1.0,0.23536261916160583,,,
0,2849,,,0.699999988079071,0.0,0.4140933156013489,,,
0,2899,,,0.6000000238418579,0.0,0.5031178593635559,,,
0,2949,,,0.8999999761581421,0.0,0.2678222060203552,,,
0,2999,,,0.699999988079071,0.0,0.4777063727378845,,,
0,3049,,,0.6000000238418579,0.0,0.630597710609436,,,
0,3099,,,0.699999988079071,0.0,0.6260612607002258,,,
0,3149,,,0.8999999761581421,0.0,0.2755983769893646,,,
0,3199,,,0.8999999761581421,0.0,0.3882594704627991,,,
0,3249,,,0.4000000059604645,0.0,0.8742364048957825,,,
0,3299,,,0.800000011920929,0.0,0.617259681224823,,,
0,3349,,,0.800000011920929,0.0,0.3333211839199066,,,
0,3399,,,0.6000000238418579,0.0,0.6386715769767761,,,
0,3449,,,0.800000011920929,0.0,0.32683390378952026,,,
0,3499,,,0.800000011920929,0.0,0.3713478147983551,,,
0,3549,,,0.8999999761581421,0.0,0.3413538932800293,,,
0,3599,,,0.5,0.0,0.9083558917045593,,,
0,3649,,,0.800000011920929,0.0,0.5693844556808472,,,
0,3699,,,0.699999988079071,0.0,0.421938419342041,,,
0,3749,,,0.8999999761581421,0.0,0.39768946170806885,,,
0,3799,,,0.800000011920929,0.0,0.3936082422733307,,,
0,3849,,,0.8999999761581421,0.0,0.22689218819141388,,,
0,3899,,,0.800000011920929,0.0,0.42883795499801636,,,
0,3949,,,1.0,1.0,0.32910338044166565,,,
0,3999,,,0.800000011920929,0.0,0.49653416872024536,,,
0,4049,,,0.800000011920929,0.0,0.48271769285202026,,,
0,4099,,,0.800000011920929,0.0,0.7611731886863708,,,
0,4149,,,0.699999988079071,0.0,0.7248288989067078,,,
0,4199,,,0.699999988079071,0.0,0.5111368298530579,,,
0,4249,,,1.0,1.0,0.2002480924129486,,,
0,4299,,,0.8999999761581421,0.0,0.2763992249965668,,,
0,4349,,,0.8999999761581421,0.0,0.22518901526927948,,,
0,4399,,,0.8999999761581421,0.0,0.1975168138742447,,,
0,4449,,,0.6000000238418579,0.0,0.7868191599845886,,,
0,4499,,,0.5,0.0,0.6600974202156067,,,
0,4549,,,0.8999999761581421,0.0,0.3530445396900177,,,
0,4599,,,1.0,1.0,0.21235737204551697,,,
0,4649,,,0.699999988079071,0.0,0.6613011360168457,,,
0,4699,,,0.6000000238418579,0.0,0.7412053942680359,,,
0,4749,,,0.800000011920929,0.0,0.58192378282547,,,
0,4799,,,0.800000011920929,0.0,0.4412313401699066,,,
0,4849,,,0.800000011920929,0.0,0.36806121468544006,,,
0,4899,,,0.800000011920929,0.0,0.32150012254714966,,,
0,4949,,,0.5,0.0,0.835350513458252,,,
0,4999,,,0.8999999761581421,0.0,0.321260929107666,,,
0,5049,,,0.699999988079071,0.0,0.5477369427680969,,,
0,5099,,,0.4000000059604645,0.0,1.0110620260238647,,,
0,5149,,,0.8999999761581421,0.0,0.35154685378074646,,,
0,5199,,,0.699999988079071,0.0,0.4659837782382965,,,
0,5249,,,0.699999988079071,0.0,0.5520382523536682,,,
0,5299,,,0.800000011920929,0.0,0.3701229691505432,,,
0,5349,,,0.8999999761581421,0.0,0.32114219665527344,,,
0,5399,,,0.800000011920929,0.0,0.443267285823822,,,
0,5449,,,0.5,0.0,0.763392984867096,,,
0,5499,,,0.800000011920929,0.0,0.5759533643722534,,,
0,5549,,,1.0,1.0,0.2603050172328949,,,
0,5599,,,1.0,1.0,0.2645261883735657,,,
0,5649,,,0.699999988079071,0.0,0.4551696181297302,,,
0,5699,,,0.8999999761581421,0.0,0.392252117395401,,,
0,5749,,,0.800000011920929,0.0,0.34128573536872864,,,
0,5799,,,0.8999999761581421,0.0,0.2817290425300598,,,
0,5849,,,0.800000011920929,0.0,0.30730414390563965,,,
0,5899,,,0.6000000238418579,0.0,0.565111517906189,,,
0,5949,,,1.0,1.0,0.15610376000404358,,,
0,5999,,,0.8999999761581421,0.0,0.2712676525115967,,,
0,6049,,,0.8999999761581421,0.0,0.3934403955936432,,,
0,6099,,,0.8999999761581421,0.0,0.27847087383270264,,,
0,6149,,,0.8999999761581421,0.0,0.350413978099823,,,
0,6199,,,1.0,1.0,0.13236498832702637,,,
0,6249,,,0.800000011920929,0.0,0.42906779050827026,,,
0,6299,,,0.6000000238418579,0.0,0.6102449893951416,,,
0,6349,,,0.800000011920929,0.0,0.3898589015007019,,,
0,6399,,,0.8999999761581421,0.0,0.3236066401004791,,,
0,6449,,,0.8999999761581421,0.0,0.34451571106910706,,,
0,6499,,,0.699999988079071,0.0,0.5765689611434937,,,
0,6549,,,0.8999999761581421,0.0,0.24355454742908478,,,
0,6599,,,0.8999999761581421,0.0,0.366178423166275,,,
0,6649,,,0.8999999761581421,0.0,0.2962471842765808,,,
0,6699,,,0.5,0.0,0.6702117919921875,,,
0,6749,,,0.699999988079071,0.0,0.4721134305000305,,,
0,6799,,,0.6000000238418579,0.0,0.4786607325077057,,,
0,6849,,,1.0,1.0,0.22282347083091736,,,
0,6899,,,0.699999988079071,0.0,0.44576138257980347,,,
0,6949,,,0.8999999761581421,0.0,0.2434941828250885,,,
0,6999,,,1.0,1.0,0.18229886889457703,,,
0,7049,,,0.6000000238418579,0.0,0.45254307985305786,,,
0,7099,,,0.6000000238418579,0.0,0.6149803996086121,,,
0,7149,,,0.8999999761581421,0.0,0.1732720285654068,,,
0,7199,,,0.800000011920929,0.0,0.4841211438179016,,,
0,7249,,,0.800000011920929,0.0,0.5104089975357056,,,
0,7299,,,0.8999999761581421,0.0,0.25855177640914917,,,
0,7349,,,1.0,1.0,0.24365326762199402,,,
0,7399,,,0.5,0.0,0.7897248268127441,,,
0,7449,,,0.800000011920929,0.0,0.48381680250167847,,,
0,7499,,,0.30000001192092896,0.0,0.9355417490005493,,,
0,7549,,,0.8999999761581421,0.0,0.39175862073898315,,,
0,7599,,,0.800000011920929,0.0,0.34417542815208435,,,
0,7649,,,1.0,1.0,0.08820240199565887,,,
0,7699,,,0.699999988079071,0.0,0.7433332204818726,,,
0,7749,,,0.8999999761581421,0.0,0.3438875675201416,,,
0,7799,,,0.6000000238418579,0.0,0.6965413093566895,,,
0,7849,,,0.800000011920929,0.0,0.3472621440887451,,,
0,7899,,,0.800000011920929,0.0,0.3660764694213867,,,
0,7949,,,0.6000000238418579,0.0,0.5527483224868774,,,
0,7999,,,0.800000011920929,0.0,0.22704926133155823,,,
0,7999,,,,,,0.801803708076477,0.14350000023841858,0.43468180298805237
1,8049,,,0.8999999761581421,0.0,0.2673075199127197,,,
1,8099,,,0.800000011920929,0.0,0.5247422456741333,,,
1,8149,,,0.800000011920929,0.0,0.4561220109462738,,,
1,8199,,,0.800000011920929,0.0,0.3597962260246277,,,
1,8249,,,1.0,1.0,0.16771861910820007,,,
1,8299,,,0.800000011920929,0.0,0.5222510099411011,,,
1,8349,,,0.800000011920929,0.0,0.5291968584060669,,,
1,8399,,,0.800000011920929,0.0,0.3045775890350342,,,
1,8449,,,0.800000011920929,0.0,0.30647820234298706,,,
1,8499,,,0.699999988079071,0.0,0.4303249418735504,,,
1,8549,,,0.800000011920929,0.0,0.5796754956245422,,,
1,8599,,,0.800000011920929,0.0,0.21801868081092834,,,
1,8649,,,0.6000000238418579,0.0,0.6713937520980835,,,
1,8699,,,0.5,0.0,0.64469975233078,,,
1,8749,,,0.5,0.0,0.906426727771759,,,
1,8799,,,0.800000011920929,0.0,0.40926235914230347,,,
1,8849,,,0.8999999761581421,0.0,0.3336697816848755,,,
1,8899,,,0.800000011920929,0.0,0.4914374351501465,,,
1,8949,,,0.8999999761581421,0.0,0.3584488034248352,,,
1,8999,,,0.8999999761581421,0.0,0.2540126442909241,,,
1,9049,,,0.699999988079071,0.0,0.3903210759162903,,,
1,9099,,,0.699999988079071,0.0,0.6507358551025391,,,
1,9149,,,0.800000011920929,0.0,0.4372851252555847,,,
1,9199,,,0.800000011920929,0.0,0.3694855570793152,,,
1,9249,,,1.0,1.0,0.1294873207807541,,,
1,9299,,,0.6000000238418579,0.0,0.7328891754150391,,,
1,9349,,,0.800000011920929,0.0,0.4804747998714447,,,
1,9399,,,0.800000011920929,0.0,0.2709481120109558,,,
1,9449,,,0.5,0.0,0.7677088975906372,,,
1,9499,,,0.8999999761581421,0.0,0.4564548432826996,,,
1,9549,,,1.0,1.0,0.19847354292869568,,,
1,9599,,,0.800000011920929,0.0,0.4256095886230469,,,
1,9649,,,0.8999999761581421,0.0,0.3252194821834564,,,
1,9699,,,0.8999999761581421,0.0,0.19535715878009796,,,
1,9749,,,0.800000011920929,0.0,0.31023821234703064,,,
1,9799,,,0.6000000238418579,0.0,0.6225932240486145,,,
1,9849,,,0.699999988079071,0.0,0.5273960828781128,,,
1,9899,,,0.699999988079071,0.0,0.5366858839988708,,,
1,9949,,,0.800000011920929,0.0,0.39807558059692383,,,
1,9999,,,0.5,0.0,0.665347158908844,,,
1,10049,,,0.699999988079071,0.0,0.8144218325614929,,,
1,10099,,,1.0,1.0,0.21490244567394257,,,
1,10149,,,0.800000011920929,0.0,0.42116570472717285,,,
1,10199,,,0.800000011920929,0.0,0.6379424333572388,,,
1,10249,,,0.699999988079071,0.0,0.4308618903160095,,,
1,10299,,,0.4000000059604645,0.0,0.6356965899467468,,,
1,10349,,,0.699999988079071,0.0,0.4375719130039215,,,
1,10399,,,0.5,0.0,0.7865151166915894,,,
1,10449,,,0.699999988079071,0.0,0.3115489184856415,,,
1,10499,,,0.699999988079071,0.0,0.4232248365879059,,,
1,10549,,,0.800000011920929,0.0,0.4676175117492676,,,
1,10599,,,0.699999988079071,0.0,0.5711525082588196,,,
1,10649,,,0.8999999761581421,0.0,0.2977226674556732,,,
1,10699,,,1.0,1.0,0.21442770957946777,,,
1,10749,,,0.8999999761581421,0.0,0.31347501277923584,,,
1,10799,,,0.8999999761581421,0.0,0.2538650929927826,,,
1,10849,,,0.8999999761581421,0.0,0.36653539538383484,,,
1,10899,,,0.800000011920929,0.0,0.3703010678291321,,,
1,10949,,,1.0,1.0,0.16175642609596252,,,
1,10999,,,0.5,0.0,0.7318854331970215,,,
1,11049,,,0.8999999761581421,0.0,0.25271254777908325,,,
1,11099,,,0.8999999761581421,0.0,0.18176724016666412,,,
1,11149,,,0.6000000238418579,0.0,0.5487620234489441,,,
1,11199,,,0.6000000238418579,0.0,0.5720378756523132,,,
1,11249,,,0.699999988079071,0.0,0.4714893698692322,,,
1,11299,,,0.8999999761581421,0.0,0.4656597971916199,,,
1,11349,,,0.699999988079071,0.0,0.4836905598640442,,,
1,11399,,,0.699999988079071,0.0,0.5126072764396667,,,
1,11449,,,0.800000011920929,0.0,0.5014162063598633,,,
1,11499,,,0.800000011920929,0.0,0.441025972366333,,,
1,11549,,,0.800000011920929,0.0,0.5578879117965698,,,
1,11599,,,0.699999988079071,0.0,0.6026747226715088,,,
1,11649,,,1.0,1.0,0.2043241560459137,,,
1,11699,,,0.699999988079071,0.0,0.5131664276123047,,,
1,11749,,,0.8999999761581421,0.0,0.2685878872871399,,,
1,11799,,,0.800000011920929,0.0,0.450788676738739,,,
1,11849,,,0.699999988079071,0.0,0.49328309297561646,,,
1,11899,,,0.8999999761581421,0.0,0.2794502377510071,,,
1,11949,,,0.6000000238418579,0.0,0.9140070080757141,,,
1,11999,,,0.699999988079071,0.0,0.7143068313598633,,,
1,12049,,,0.8999999761581421,0.0,0.40495091676712036,,,
1,12099,,,0.699999988079071,0.0,0.40850526094436646,,,
1,12149,,,0.6000000238418579,0.0,0.6122257113456726,,,
1,12199,,,1.0,1.0,0.2774417996406555,,,
1,12249,,,0.8999999761581421,0.0,0.3120075464248657,,,
1,12299,,,0.6000000238418579,0.0,0.6513146162033081,,,
1,12349,,,0.699999988079071,0.0,0.5496903657913208,,,
1,12399,,,0.8999999761581421,0.0,0.29832956194877625,,,
1,12449,,,0.699999988079071,0.0,0.5019307732582092,,,
1,12499,,,0.699999988079071,0.0,0.5574963688850403,,,
1,12549,,,0.5,0.0,0.7911266088485718,,,
1,12599,,,0.699999988079071,0.0,0.5916468501091003,,,
1,12649,,,0.800000011920929,0.0,0.49283140897750854,,,
1,12699,,,0.8999999761581421,0.0,0.26243820786476135,,,
1,12749,,,0.8999999761581421,0.0,0.25192660093307495,,,
1,12799,,,0.5,0.0,0.6141632795333862,,,
1,12849,,,0.800000011920929,0.0,0.626494288444519,,,
1,12899,,,0.800000011920929,0.0,0.44122809171676636,,,
1,12949,,,0.699999988079071,0.0,0.4749770164489746,,,
1,12999,,,0.800000011920929,0.0,0.32379502058029175,,,
1,13049,,,0.5,0.0,0.7376033067703247,,,
1,13099,,,0.8999999761581421,0.0,0.27796855568885803,,,
1,13149,,,0.6000000238418579,0.0,0.7095913887023926,,,
1,13199,,,0.8999999761581421,0.0,0.37785398960113525,,,
1,13249,,,0.800000011920929,0.0,0.3846963346004486,,,
1,13299,,,0.8999999761581421,0.0,0.22746959328651428,,,
1,13349,,,0.8999999761581421,0.0,0.4349871575832367,,,
1,13399,,,0.800000011920929,0.0,0.6853266358375549,,,
1,13449,,,1.0,1.0,0.16423961520195007,,,
1,13499,,,0.8999999761581421,0.0,0.2205863744020462,,,
1,13549,,,0.699999988079071,0.0,0.5764854550361633,,,
1,13599,,,1.0,1.0,0.16011998057365417,,,
1,13649,,,1.0,1.0,0.323395311832428,,,
1,13699,,,1.0,1.0,0.22067680954933167,,,
1,13749,,,1.0,1.0,0.2573447823524475,,,
1,13799,,,0.800000011920929,0.0,0.3474973142147064,,,
1,13849,,,0.699999988079071,0.0,0.5196945667266846,,,
1,13899,,,0.800000011920929,0.0,0.32766440510749817,,,
1,13949,,,0.800000011920929,0.0,0.5950797200202942,,,
1,13999,,,0.699999988079071,0.0,0.6255789995193481,,,
1,14049,,,0.8999999761581421,0.0,0.39997029304504395,,,
1,14099,,,0.6000000238418579,0.0,0.7381921410560608,,,
1,14149,,,0.699999988079071,0.0,0.4752119183540344,,,
1,14199,,,0.800000011920929,0.0,0.3504602313041687,,,
1,14249,,,0.6000000238418579,0.0,0.4983939528465271,,,
1,14299,,,0.8999999761581421,0.0,0.32779285311698914,,,
1,14349,,,0.800000011920929,0.0,0.583827555179596,,,
1,14399,,,1.0,1.0,0.08661901950836182,,,
1,14449,,,0.8999999761581421,0.0,0.36451455950737,,,
1,14499,,,0.8999999761581421,0.0,0.22551384568214417,,,
1,14549,,,0.8999999761581421,0.0,0.3087030053138733,,,
1,14599,,,0.8999999761581421,0.0,0.3014097809791565,,,
1,14649,,,0.800000011920929,0.0,0.4634898602962494,,,
1,14699,,,0.6000000238418579,0.0,0.4164974093437195,,,
1,14749,,,0.6000000238418579,0.0,0.6535496115684509,,,
1,14799,,,0.800000011920929,0.0,0.31515437364578247,,,
1,14849,,,0.8999999761581421,0.0,0.31570449471473694,,,
1,14899,,,1.0,1.0,0.20843692123889923,,,
1,14949,,,0.699999988079071,0.0,0.44437652826309204,,,
1,14999,,,0.800000011920929,0.0,0.3223996162414551,,,
1,15049,,,0.8999999761581421,0.0,0.3310733735561371,,,
1,15099,,,0.699999988079071,0.0,0.46234193444252014,,,
1,15149,,,0.8999999761581421,0.0,0.48796072602272034,,,
1,15199,,,0.800000011920929,0.0,0.3266499638557434,,,
1,15249,,,1.0,1.0,0.22031787037849426,,,
1,15299,,,0.6000000238418579,0.0,0.6877875924110413,,,
1,15349,,,0.6000000238418579,0.0,0.5156482458114624,,,
1,15399,,,0.8999999761581421,0.0,0.30293339490890503,,,
1,15449,,,0.8999999761581421,0.0,0.23609332740306854,,,
1,15499,,,0.800000011920929,0.0,0.43499889969825745,,,
1,15549,,,0.8999999761581421,0.0,0.366300106048584,,,
1,15599,,,0.699999988079071,0.0,0.7834579348564148,,,
1,15649,,,0.699999988079071,0.0,0.44192734360694885,,,
1,15699,,,0.6000000238418579,0.0,0.5358972549438477,,,
1,15749,,,0.8999999761581421,0.0,0.3697377145290375,,,
1,15799,,,0.8999999761581421,0.0,0.3029274642467499,,,
1,15849,,,0.699999988079071,0.0,0.6740351319313049,,,
1,15899,,,0.800000011920929,0.0,0.40296775102615356,,,
1,15949,,,0.699999988079071,0.0,0.6876868009567261,,,
1,15999,,,0.8999999761581421,0.0,0.22649773955345154,,,
1,15999,,,,,,0.7860028743743896,0.13199999928474426,0.4179254472255707
2,16049,,,0.800000011920929,0.0,0.34928184747695923,,,
2,16099,,,1.0,1.0,0.3641623854637146,,,
2,16149,,,0.8999999761581421,0.0,0.28342336416244507,,,
2,16199,,,0.800000011920929,0.0,0.4015042185783386,,,
2,16249,,,0.800000011920929,0.0,0.5264150500297546,,,
2,16299,,,0.8999999761581421,0.0,0.31889596581459045,,,
2,16349,,,0.800000011920929,0.0,0.5475069880485535,,,
2,16399,,,0.699999988079071,0.0,0.6677336692810059,,,
2,16449,,,1.0,1.0,0.1912684142589569,,,
2,16499,,,0.6000000238418579,0.0,0.9252074360847473,,,
2,16549,,,1.0,1.0,0.26773181557655334,,,
2,16599,,,1.0,1.0,0.16402573883533478,,,
2,16649,,,0.699999988079071,0.0,0.7890790700912476,,,
2,16699,,,0.6000000238418579,0.0,0.7262418270111084,,,
2,16749,,,0.699999988079071,0.0,0.36378735303878784,,,
2,16799,,,0.8999999761581421,0.0,0.23875653743743896,,,
2,16849,,,0.800000011920929,0.0,0.27159205079078674,,,
2,16899,,,0.8999999761581421,0.0,0.27095937728881836,,,
2,16949,,,0.800000011920929,0.0,0.5190149545669556,,,
2,16999,,,0.8999999761581421,0.0,0.37778177857398987,,,
2,17049,,,0.8999999761581421,0.0,0.2846326231956482,,,
2,17099,,,1.0,1.0,0.23331895470619202,,,
2,17149,,,0.6000000238418579,0.0,0.5250827074050903,,,
2,17199,,,0.699999988079071,0.0,0.47542914748191833,,,
2,17249,,,0.699999988079071,0.0,0.48392122983932495,,,
2,17299,,,0.800000011920929,0.0,0.4377346932888031,,,
2,17349,,,0.6000000238418579,0.0,0.8663812875747681,,,
2,17399,,,0.8999999761581421,0.0,0.2306136190891266,,,
2,17449,,,1.0,1.0,0.15427343547344208,,,
2,17499,,,1.0,1.0,0.19544732570648193,,,
2,17549,,,0.800000011920929,0.0,0.42458248138427734,,,
2,17599,,,0.699999988079071,0.0,0.49652165174484253,,,
2,17649,,,0.8999999761581421,0.0,0.371284544467926,,,
2,17699,,,0.699999988079071,0.0,0.4707449972629547,,,
2,17749,,,0.8999999761581421,0.0,0.23901763558387756,,,
2,17799,,,1.0,1.0,0.08490364253520966,,,
2,17849,,,0.8999999761581421,0.0,0.17567376792430878,,,
2,17899,,,0.699999988079071,0.0,0.395761638879776,,,
2,17949,,,1.0,1.0,0.17725488543510437,,,
2,17999,,,1.0,1.0,0.1442156583070755,,,
2,18049,,,0.800000011920929,0.0,0.32280564308166504,,,
2,18099,,,0.8999999761581421,0.0,0.7303245663642883,,,
2,18149,,,1.0,1.0,0.14111660420894623,,,
2,18199,,,0.800000011920929,0.0,0.3626839220523834,,,
2,18249,,,0.8999999761581421,0.0,0.3184400796890259,,,
2,18299,,,0.800000011920929,0.0,0.40339088439941406,,,
2,18349,,,0.699999988079071,0.0,0.5161401033401489,,,
2,18399,,,0.8999999761581421,0.0,0.27693670988082886,,,
2,18449,,,0.5,0.0,0.8005647659301758,,,
2,18499,,,0.699999988079071,0.0,0.5804063081741333,,,
2,18549,,,0.800000011920929,0.0,0.3792632222175598,,,
2,18599,,,0.699999988079071,0.0,0.5759860277175903,,,
2,18649,,,0.800000011920929,0.0,0.3750125765800476,,,
2,18699,,,0.6000000238418579,0.0,0.5566151738166809,,,
2,18749,,,1.0,1.0,0.1760547012090683,,,
2,18799,,,0.699999988079071,0.0,0.32286015152931213,,,
2,18849,,,0.699999988079071,0.0,0.39071419835090637,,,
2,18899,,,0.699999988079071,0.0,0.5073853135108948,,,
2,18949,,,0.5,0.0,0.7114982604980469,,,
2,18999,,,0.8999999761581421,0.0,0.2183213233947754,,,
2,19049,,,0.6000000238418579,0.0,0.7319143414497375,,,
2,19099,,,0.800000011920929,0.0,0.42909175157546997,,,
2,19149,,,1.0,1.0,0.18744100630283356,,,
2,19199,,,0.800000011920929,0.0,0.4293302595615387,,,
2,19249,,,0.800000011920929,0.0,0.5220711827278137,,,
2,19299,,,0.699999988079071,0.0,0.48240453004837036,,,
2,19349,,,0.800000011920929,0.0,0.49536100029945374,,,
2,19399,,,0.5,0.0,0.5971042513847351,,,
2,19449,,,0.800000011920929,0.0,0.38661646842956543,,,
2,19499,,,0.699999988079071,0.0,0.6530567407608032,,,
2,19549,,,0.8999999761581421,0.0,0.3377883732318878,,,
2,19599,,,0.6000000238418579,0.0,0.5383005142211914,,,
2,19649,,,0.8999999761581421,0.0,0.27121320366859436,,,
2,19699,,,0.800000011920929,0.0,0.5477736592292786,,,
2,19749,,,0.800000011920929,0.0,0.38940638303756714,,,
2,19799,,,0.6000000238418579,0.0,0.5423792600631714,,,
2,19849,,,0.8999999761581421,0.0,0.3042418360710144,,,
2,19899,,,0.8999999761581421,0.0,0.45424336194992065,,,
2,19949,,,0.30000001192092896,0.0,1.1294171810150146,,,
2,19999,,,0.5,0.0,0.7691963911056519,,,
2,20049,,,0.6000000238418579,0.0,0.7568120956420898,,,
2,20099,,,0.6000000238418579,0.0,0.5640413165092468,,,
2,20149,,,0.8999999761581421,0.0,0.28961819410324097,,,
2,20199,,,1.0,1.0,0.17752036452293396,,,
2,20249,,,1.0,1.0,0.11123023182153702,,,
2,20299,,,0.8999999761581421,0.0,0.28591278195381165,,,
2,20349,,,0.8999999761581421,0.0,0.20967933535575867,,,
2,20399,,,0.5,0.0,0.792662501335144,,,
2,20449,,,1.0,1.0,0.2400813102722168,,,
2,20499,,,0.699999988079071,0.0,0.6446765661239624,,,
2,20549,,,0.800000011920929,0.0,0.5258331894874573,,,
2,20599,,,0.5,0.0,0.8564174771308899,,,
2,20649,,,0.8999999761581421,0.0,0.19785387814044952,,,
2,20699,,,0.800000011920929,0.0,0.4121665060520172,,,
2,20749,,,0.800000011920929,0.0,0.47810810804367065,,,
2,20799,,,0.8999999761581421,0.0,0.29044729471206665,,,
2,20849,,,0.8999999761581421,0.0,0.2994236350059509,,,
2,20899,,,1.0,1.0,0.19255085289478302,,,
2,20949,,,0.800000011920929,0.0,0.3590773642063141,,,
2,20999,,,0.800000011920929,0.0,0.4103984832763672,,,
2,21049,,,0.699999988079071,0.0,0.3697378635406494,,,
2,21099,,,0.8999999761581421,0.0,0.2435850352048874,,,
2,21149,,,0.8999999761581421,0.0,0.23897656798362732,,,
2,21199,,,0.8999999761581421,0.0,0.2668065130710602,,,
2,21249,,,0.8999999761581421,0.0,0.41988593339920044,,,
2,21299,,,1.0,1.0,0.1256929636001587,,,
2,21349,,,0.8999999761581421,0.0,0.3039255142211914,,,
2,21399,,,1.0,1.0,0.08651598542928696,,,
2,21449,,,0.6000000238418579,0.0,0.5684050917625427,,,
2,21499,,,0.8999999761581421,0.0,0.2165030688047409,,,
2,21549,,,0.8999999761581421,0.0,0.2919185161590576,,,
2,21599,,,0.4000000059604645,0.0,0.5957905650138855,,,
2,21649,,,0.800000011920929,0.0,0.43032917380332947,,,
2,21699,,,0.20000000298023224,0.0,1.1127904653549194,,,
2,21749,,,0.699999988079071,0.0,0.7874389886856079,,,
2,21799,,,0.800000011920929,0.0,0.48941174149513245,,,
2,21849,,,0.8999999761581421,0.0,0.27941659092903137,,,
2,21899,,,0.800000011920929,0.0,0.2927168905735016,,,
2,21949,,,0.699999988079071,0.0,0.6203569173812866,,,
2,21999,,,0.8999999761581421,0.0,0.28809839487075806,,,
2,22049,,,0.800000011920929,0.0,0.35552558302879333,,,
2,22099,,,0.699999988079071,0.0,0.6658040881156921,,,
2,22149,,,0.5,0.0,0.7776101231575012,,,
2,22199,,,0.699999988079071,0.0,0.5771589279174805,,,
2,22249,,,0.800000011920929,0.0,0.30421358346939087,,,
2,22299,,,0.6000000238418579,0.0,0.7097269296646118,,,
2,22349,,,0.699999988079071,0.0,0.3264616131782532,,,
2,22399,,,0.6000000238418579,0.0,0.7911180257797241,,,
2,22449,,,0.800000011920929,0.0,0.5558182001113892,,,
2,22499,,,0.699999988079071,0.0,0.4077571928501129,,,
2,22549,,,0.800000011920929,0.0,0.4138328433036804,,,
2,22599,,,1.0,1.0,0.16967317461967468,,,
2,22649,,,0.800000011920929,0.0,0.3695782423019409,,,
2,22699,,,0.800000011920929,0.0,0.34787407517433167,,,
2,22749,,,0.800000011920929,0.0,0.2774357795715332,,,
2,22799,,,0.8999999761581421,0.0,0.3191339075565338,,,
2,22849,,,0.699999988079071,0.0,0.5761176347732544,,,
2,22899,,,1.0,1.0,0.26690229773521423,,,
2,22949,,,0.5,0.0,0.9924899935722351,,,
2,22999,,,0.6000000238418579,0.0,0.6190905570983887,,,
2,23049,,,0.800000011920929,0.0,0.4778314232826233,,,
2,23099,,,0.8999999761581421,0.0,0.15373240411281586,,,
2,23149,,,0.8999999761581421,0.0,0.21032819151878357,,,
2,23199,,,1.0,1.0,0.21573957800865173,,,
2,23249,,,1.0,1.0,0.14382556080818176,,,
2,23299,,,0.800000011920929,0.0,0.3992437720298767,,,
2,23349,,,0.800000011920929,0.0,0.33598437905311584,,,
2,23399,,,0.6000000238418579,0.0,0.603129506111145,,,
2,23449,,,0.699999988079071,0.0,0.4004504084587097,,,
2,23499,,,0.8999999761581421,0.0,0.23188546299934387,,,
2,23549,,,0.800000011920929,0.0,0.41974887251853943,,,
2,23599,,,0.8999999761581421,0.0,0.2887219786643982,,,
2,23649,,,0.8999999761581421,0.0,0.2962610721588135,,,
2,23699,,,0.699999988079071,0.0,0.4684080183506012,,,
2,23749,,,0.5,0.0,0.6807263493537903,,,
2,23799,,,0.800000011920929,0.0,0.3670404553413391,,,
2,23849,,,0.8999999761581421,0.0,0.23995056748390198,,,
2,23899,,,0.699999988079071,0.0,0.7867379188537598,,,
2,23949,,,0.699999988079071,0.0,0.47121796011924744,,,
2,23999,,,0.8999999761581421,0.0,0.38875919580459595,,,
2,23999,,,,,,0.8035539388656616,0.14749999344348907,0.4317377805709839
3,24049,,,0.800000011920929,0.0,0.4422135353088379,,,
3,24099,,,0.800000011920929,0.0,0.37649619579315186,,,
3,24149,,,1.0,1.0,0.1739676296710968,,,
3,24199,,,0.800000011920929,0.0,0.4695854187011719,,,
3,24249,,,0.800000011920929,0.0,0.30517691373825073,,,
3,24299,,,0.8999999761581421,0.0,0.2809579074382782,,,
3,24349,,,0.800000011920929,0.0,0.30464106798171997,,,
3,24399,,,0.8999999761581421,0.0,0.36464938521385193,,,
3,24449,,,0.699999988079071,0.0,0.4798121452331543,,,
3,24499,,,0.8999999761581421,0.0,0.20447774231433868,,,
3,24549,,,0.8999999761581421,0.0,0.22075653076171875,,,
3,24599,,,0.8999999761581421,0.0,0.4483925402164459,,,
3,24649,,,0.6000000238418579,0.0,0.7122515439987183,,,
3,24699,,,0.800000011920929,0.0,0.452251136302948,,,
3,24749,,,0.800000011920929,0.0,0.33392611145973206,,,
3,24799,,,0.8999999761581421,0.0,0.2229546308517456,,,
3,24849,,,0.8999999761581421,0.0,0.3085572123527527,,,
3,24899,,,0.800000011920929,0.0,0.40792831778526306,,,
3,24949,,,0.800000011920929,0.0,0.44251909852027893,,,
3,24999,,,0.6000000238418579,0.0,0.8004909753799438,,,
3,25049,,,0.8999999761581421,0.0,0.2551289498806,,,
3,25099,,,0.699999988079071,0.0,0.8934074640274048,,,
3,25149,,,0.6000000238418579,0.0,0.5057600140571594,,,
3,25199,,,0.8999999761581421,0.0,0.4117444157600403,,,
3,25249,,,0.8999999761581421,0.0,0.27171802520751953,,,
3,25299,,,1.0,1.0,0.1886417120695114,,,
3,25349,,,0.5,0.0,0.9944121241569519,,,
3,25399,,,0.8999999761581421,0.0,0.25475049018859863,,,
3,25449,,,0.8999999761581421,0.0,0.19593648612499237,,,
3,25499,,,0.8999999761581421,0.0,0.29976192116737366,,,
3,25549,,,0.800000011920929,0.0,0.34691399335861206,,,
3,25599,,,0.699999988079071,0.0,0.45454734563827515,,,
3,25649,,,0.5,0.0,0.9050060510635376,,,
3,25699,,,0.4000000059604645,0.0,1.0840619802474976,,,
3,25749,,,0.699999988079071,0.0,0.45821037888526917,,,
3,25799,,,1.0,1.0,0.08878299593925476,,,
3,25849,,,0.800000011920929,0.0,0.4005156457424164,,,
3,25899,,,0.800000011920929,0.0,0.45731478929519653,,,
3,25949,,,0.699999988079071,0.0,0.5363966822624207,,,
3,25999,,,0.800000011920929,0.0,0.33791646361351013,,,
3,26049,,,0.8999999761581421,0.0,0.28280648589134216,,,
3,26099,,,1.0,1.0,0.14300252497196198,,,
3,26149,,,0.800000011920929,0.0,0.43178892135620117,,,
3,26199,,,0.699999988079071,0.0,0.34039759635925293,,,
3,26249,,,0.8999999761581421,0.0,0.2675800919532776,,,
3,26299,,,0.699999988079071,0.0,0.6344872713088989,,,
3,26349,,,0.699999988079071,0.0,0.51215660572052,,,
3,26399,,,0.699999988079071,0.0,0.45268139243125916,,,
3,26449,,,0.800000011920929,0.0,0.33018022775650024,,,
3,26499,,,0.800000011920929,0.0,0.6459299325942993,,,
3,26549,,,0.5,0.0,0.524415135383606,,,
3,26599,,,0.699999988079071,0.0,0.3836808204650879,,,
3,26649,,,0.699999988079071,0.0,0.377529114484787,,,
3,26699,,,0.6000000238418579,0.0,0.6480318903923035,,,
3,26749,,,1.0,1.0,0.24681444466114044,,,
3,26799,,,0.4000000059604645,0.0,1.3098199367523193,,,
3,26849,,,0.8999999761581421,0.0,0.3395305573940277,,,
3,26899,,,0.5,0.0,0.6823263168334961,,,
3,26949,,,0.800000011920929,0.0,0.391937792301178,,,
3,26999,,,1.0,1.0,0.20575523376464844,,,
3,27049,,,1.0,1.0,0.24521765112876892,,,
3,27099,,,0.699999988079071,0.0,0.6594893336296082,,,
3,27149,,,0.800000011920929,0.0,0.42441344261169434,,,
3,27199,,,0.800000011920929,0.0,0.3574135899543762,,,
3,27249,,,1.0,1.0,0.09803586453199387,,,
3,27299,,,0.8999999761581421,0.0,0.19519811868667603,,,
3,27349,,,1.0,1.0,0.28440192341804504,,,
3,27399,,,0.6000000238418579,0.0,0.640906035900116,,,
3,27449,,,0.699999988079071,0.0,0.3994158208370209,,,
3,27499,,,0.5,0.0,0.6324480772018433,,,
3,27549,,,0.5,0.0,0.6305305361747742,,,
3,27599,,,0.699999988079071,0.0,0.435101181268692,,,
3,27649,,,0.800000011920929,0.0,0.3847173750400543,,,
3,27699,,,0.800000011920929,0.0,0.42282038927078247,,,
3,27749,,,0.699999988079071,0.0,0.4087834358215332,,,
3,27799,,,0.699999988079071,0.0,0.7200857400894165,,,
3,27849,,,0.8999999761581421,0.0,0.34224361181259155,,,
3,27899,,,0.699999988079071,0.0,0.5445791482925415,,,
3,27949,,,0.800000011920929,0.0,0.31039366126060486,,,
3,27999,,,0.800000011920929,0.0,0.40902405977249146,,,
3,28049,,,0.5,0.0,0.8823111653327942,,,
3,28099,,,0.6000000238418579,0.0,0.48925209045410156,,,
3,28149,,,0.800000011920929,0.0,0.30384260416030884,,,
3,28199,,,1.0,1.0,0.18220579624176025,,,
3,28249,,,0.800000011920929,0.0,0.40338006615638733,,,
3,28299,,,1.0,1.0,0.22178658843040466,,,
3,28349,,,0.800000011920929,0.0,0.3635801672935486,,,
3,28399,,,0.800000011920929,0.0,0.4432099461555481,,,
3,28449,,,0.6000000238418579,0.0,0.6215851902961731,,,
3,28499,,,0.800000011920929,0.0,0.4274527430534363,,,
3,28549,,,0.800000011920929,0.0,0.3900889456272125,,,
3,28599,,,0.6000000238418579,0.0,0.6277691125869751,,,
3,28649,,,0.8999999761581421,0.0,0.35221952199935913,,,
3,28699,,,0.6000000238418579,0.0,0.8276718258857727,,,
3,28749,,,0.8999999761581421,0.0,0.33366528153419495,,,
3,28799,,,0.6000000238418579,0.0,0.6450050473213196,,,
3,28849,,,0.8999999761581421,0.0,0.27519822120666504,,,
3,28899,,,1.0,1.0,0.270158052444458,,,
3,28949,,,0.8999999761581421,0.0,0.2535085678100586,,,
3,28999,,,0.5,0.0,0.5907667279243469,,,
3,29049,,,0.800000011920929,0.0,0.3462301790714264,,,
3,29099,,,1.0,1.0,0.2589050233364105,,,
3,29149,,,0.800000011920929,0.0,0.6110913157463074,,,
3,29199,,,0.699999988079071,0.0,0.5491688847541809,,,
3,29249,,,0.699999988079071,0.0,0.45679616928100586,,,
3,29299,,,0.8999999761581421,0.0,0.32080453634262085,,,
3,29349,,,1.0,1.0,0.20247988402843475,,,
3,29399,,,0.800000011920929,0.0,0.38006675243377686,,,
3,29449,,,0.800000011920929,0.0,0.3738812804222107,,,
3,29499,,,1.0,1.0,0.23650136590003967,,,
3,29549,,,0.800000011920929,0.0,0.4138201177120209,,,
3,29599,,,0.800000011920929,0.0,0.3390706181526184,,,
3,29649,,,0.8999999761581421,0.0,0.28507494926452637,,,
3,29699,,,0.800000011920929,0.0,0.5798737406730652,,,
3,29749,,,1.0,1.0,0.08425212651491165,,,
3,29799,,,0.699999988079071,0.0,0.5726877450942993,,,
3,29849,,,0.800000011920929,0.0,0.4683547019958496,,,
3,29899,,,0.5,0.0,0.9327806234359741,,,
3,29949,,,0.800000011920929,0.0,0.3723866939544678,,,
3,29999,,,0.8999999761581421,0.0,0.4763907790184021,,,
3,30049,,,0.5,0.0,0.8328201174736023,,,
3,30099,,,1.0,1.0,0.18332163989543915,,,
3,30149,,,0.4000000059604645,0.0,0.8096873164176941,,,
3,30199,,,0.699999988079071,0.0,0.5469168424606323,,,
3,30249,,,0.6000000238418579,0.0,0.8393384218215942,,,
3,30299,,,0.800000011920929,0.0,0.2554205358028412,,,
3,30349,,,1.0,1.0,0.23960092663764954,,,
3,30399,,,0.800000011920929,0.0,0.2721899747848511,,,
3,30449,,,0.699999988079071,0.0,0.5861367583274841,,,
3,30499,,,0.8999999761581421,0.0,0.28819841146469116,,,
3,30549,,,0.800000011920929,0.0,0.5018578767776489,,,
3,30599,,,0.800000011920929,0.0,0.4838443696498871,,,
3,30649,,,0.8999999761581421,0.0,0.331886887550354,,,
3,30699,,,0.699999988079071,0.0,0.4509147107601166,,,
3,30749,,,1.0,1.0,0.1527918130159378,,,
3,30799,,,1.0,1.0,0.2032850682735443,,,
3,30849,,,0.6000000238418579,0.0,0.7704483270645142,,,
3,30899,,,0.699999988079071,0.0,0.47903570532798767,,,
3,30949,,,0.800000011920929,0.0,0.5323092341423035,,,
3,30999,,,0.699999988079071,0.0,0.8398818969726562,,,
3,31049,,,0.800000011920929,0.0,0.418058305978775,,,
3,31099,,,0.800000011920929,0.0,0.3645722568035126,,,
3,31149,,,0.8999999761581421,0.0,0.28595414757728577,,,
3,31199,,,1.0,1.0,0.24105854332447052,,,
3,31249,,,0.800000011920929,0.0,0.3999257981777191,,,
3,31299,,,1.0,1.0,0.24301758408546448,,,
3,31349,,,0.6000000238418579,0.0,0.46232110261917114,,,
3,31399,,,0.8999999761581421,0.0,0.20873841643333435,,,
3,31449,,,0.8999999761581421,0.0,0.2190731018781662,,,
3,31499,,,0.8999999761581421,0.0,0.19718848168849945,,,
3,31549,,,0.800000011920929,0.0,0.33045873045921326,,,
3,31599,,,0.8999999761581421,0.0,0.23291084170341492,,,
3,31649,,,1.0,1.0,0.3202841877937317,,,
3,31699,,,0.800000011920929,0.0,0.5056353211402893,,,
3,31749,,,0.800000011920929,0.0,0.5069103837013245,,,
3,31799,,,0.5,0.0,0.7744683027267456,,,
3,31849,,,1.0,1.0,0.21882382035255432,,,
3,31899,,,0.8999999761581421,0.0,0.31241708993911743,,,
3,31949,,,0.800000011920929,0.0,0.6249049305915833,,,
3,31999,,,0.5,0.0,0.6782466769218445,,,
3,31999,,,,,,0.7839525938034058,0.12700000405311584,0.41787832975387573
4,32049,,,0.6000000238418579,0.0,0.5169881582260132,,,
4,32099,,,0.6000000238418579,0.0,0.6209150552749634,,,
4,32149,,,0.699999988079071,0.0,0.4314972460269928,,,
4,32199,,,0.800000011920929,0.0,0.3557303547859192,,,
4,32249,,,1.0,1.0,0.2432110756635666,,,
4,32299,,,0.800000011920929,0.0,0.358560174703598,,,
4,32349,,,0.800000011920929,0.0,0.657579779624939,,,
4,32399,,,0.699999988079071,0.0,0.5033923387527466,,,
4,32449,,,0.8999999761581421,0.0,0.38259610533714294,,,
4,32499,,,1.0,1.0,0.37752118706703186,,,
4,32549,,,1.0,1.0,0.2636120915412903,,,
4,32599,,,0.800000011920929,0.0,0.3853614926338196,,,
4,32649,,,1.0,1.0,0.2045474499464035,,,
4,32699,,,0.699999988079071,0.0,0.44671130180358887,,,
4,32749,,,0.8999999761581421,0.0,0.3409618139266968,,,
4,32799,,,0.5,0.0,0.9911935925483704,,,
4,32849,,,0.6000000238418579,0.0,0.6990202069282532,,,
4,32899,,,0.8999999761581421,0.0,0.2881357967853546,,,
4,32949,,,0.699999988079071,0.0,0.4168514609336853,,,
4,32999,,,0.8999999761581421,0.0,0.21862530708312988,,,
4,33049,,,0.6000000238418579,0.0,0.5347064137458801,,,
4,33099,,,1.0,1.0,0.17127463221549988,,,
4,33149,,,1.0,1.0,0.2401476800441742,,,
4,33199,,,0.8999999761581421,0.0,0.2526021897792816,,,
4,33249,,,0.800000011920929,0.0,0.34227222204208374,,,
4,33299,,,0.6000000238418579,0.0,0.6607718467712402,,,
4,33349,,,0.800000011920929,0.0,0.41509515047073364,,,
4,33399,,,0.6000000238418579,0.0,0.6903618574142456,,,
4,33449,,,1.0,1.0,0.21274074912071228,,,
4,33499,,,0.699999988079071,0.0,0.4580003619194031,,,
4,33549,,,0.6000000238418579,0.0,0.7365446090698242,,,
4,33599,,,1.0,1.0,0.19627472758293152,,,
4,33649,,,0.8999999761581421,0.0,0.23952142894268036,,,
4,33699,,,0.6000000238418579,0.0,0.5846207737922668,,,
4,33749,,,0.699999988079071,0.0,0.4348061680793762,,,
4,33799,,,0.699999988079071,0.0,0.5009322166442871,,,
4,33849,,,0.8999999761581421,0.0,0.3288218379020691,,,
4,33899,,,0.699999988079071,0.0,0.5699169039726257,,,
4,33949,,,1.0,1.0,0.2909633219242096,,,
4,33999,,,0.8999999761581421,0.0,0.3056042790412903,,,
4,34049,,,0.800000011920929,0.0,0.30608275532722473,,,
4,34099,,,0.800000011920929,0.0,0.3948272466659546,,,
4,34149,,,1.0,1.0,0.24514131247997284,,,
4,34199,,,0.699999988079071,0.0,0.49464502930641174,,,
4,34249,,,0.800000011920929,0.0,0.6529358625411987,,,
4,34299,,,1.0,1.0,0.22793278098106384,,,
4,34349,,,1.0,1.0,0.06846155971288681,,,
4,34399,,,0.699999988079071,0.0,0.5744075775146484,,,
4,34449,,,0.699999988079071,0.0,0.3875599503517151,,,
4,34499,,,0.699999988079071,0.0,0.6591060757637024,,,
4,34549,,,0.800000011920929,0.0,0.30625730752944946,,,
4,34599,,,0.8999999761581421,0.0,0.36504197120666504,,,
4,34649,,,1.0,1.0,0.13006630539894104,,,
4,34699,,,1.0,1.0,0.22877781093120575,,,
4,34749,,,0.5,0.0,0.8910355567932129,,,
4,34799,,,0.800000011920929,0.0,0.47375020384788513,,,
4,34849,,,0.699999988079071,0.0,0.4081032872200012,,,
4,34899,,,0.800000011920929,0.0,0.43483465909957886,,,
4,34949,,,0.8999999761581421,0.0,0.2576436400413513,,,
4,34999,,,0.800000011920929,0.0,0.37771767377853394,,,
4,35049,,,1.0,1.0,0.22074377536773682,,,
4,35099,,,0.8999999761581421,0.0,0.24112382531166077,,,
4,35149,,,0.800000011920929,0.0,0.34858039021492004,,,
4,35199,,,0.6000000238418579,0.0,0.6240898370742798,,,
4,35249,,,1.0,1.0,0.15797372162342072,,,
4,35299,,,1.0,1.0,0.15659907460212708,,,
4,35349,,,0.8999999761581421,0.0,0.24224834144115448,,,
4,35399,,,0.800000011920929,0.0,0.3102097511291504,,,
4,35449,,,0.800000011920929,0.0,0.2903982698917389,,,
4,35499,,,0.6000000238418579,0.0,0.6013579368591309,,,
4,35549,,,0.699999988079071,0.0,0.3909009099006653,,,
4,35599,,,0.8999999761581421,0.0,0.24124152958393097,,,
4,35649,,,0.6000000238418579,0.0,0.7518260478973389,,,
4,35699,,,0.6000000238418579,0.0,0.9818741083145142,,,
4,35749,,,0.6000000238418579,0.0,0.6561238169670105,,,
4,35799,,,0.699999988079071,0.0,0.4262574315071106,,,
4,35849,,,0.8999999761581421,0.0,0.2344653606414795,,,
4,35899,,,1.0,1.0,0.2829485833644867,,,
4,35949,,,0.8999999761581421,0.0,0.35002726316452026,,,
4,35999,,,0.699999988079071,0.0,0.4854593276977539,,,
4,36049,,,0.6000000238418579,0.0,0.6074382066726685,,,
4,36099,,,0.800000011920929,0.0,0.40657567977905273,,,
4,36149,,,0.699999988079071,0.0,0.5614654421806335,,,
4,36199,,,0.800000011920929,0.0,0.45013874769210815,,,
4,36249,,,0.8999999761581421,0.0,0.4525265693664551,,,
4,36299,,,1.0,1.0,0.3739778995513916,,,
4,36349,,,0.8999999761581421,0.0,0.2434864491224289,,,
4,36399,,,0.800000011920929,0.0,0.5550664663314819,,,
4,36449,,,0.800000011920929,0.0,0.3466193974018097,,,
4,36499,,,0.699999988079071,0.0,0.38794252276420593,,,
4,36549,,,0.800000011920929,0.0,0.5393003821372986,,,
4,36599,,,0.800000011920929,0.0,0.41301196813583374,,,
4,36649,,,0.699999988079071,0.0,0.5854693651199341,,,
4,36699,,,0.6000000238418579,0.0,0.5066094398498535,,,
4,36749,,,0.800000011920929,0.0,0.335125207901001,,,
4,36799,,,0.8999999761581421,0.0,0.3257230818271637,,,
4,36849,,,0.5,0.0,0.5196120142936707,,,
4,36899,,,0.800000011920929,0.0,0.3720943033695221,,,
4,36949,,,0.4000000059604645,0.0,0.89128178358078,,,
4,36999,,,0.8999999761581421,0.0,0.2363634556531906,,,
4,37049,,,0.6000000238418579,0.0,0.7604707479476929,,,
4,37099,,,0.699999988079071,0.0,0.6498869061470032,,,
4,37149,,,0.699999988079071,0.0,0.5520762205123901,,,
4,37199,,,0.699999988079071,0.0,0.5143730640411377,,,
4,37249,,,0.800000011920929,0.0,0.33016255497932434,,,
4,37299,,,0.800000011920929,0.0,0.513262152671814,,,
4,37349,,,0.800000011920929,0.0,0.2830888330936432,,,
4,37399,,,0.699999988079071,0.0,0.3675197958946228,,,
4,37449,,,0.699999988079071,0.0,0.46548110246658325,,,
4,37499,,,0.5,0.0,0.9563201665878296,,,
4,37549,,,1.0,1.0,0.24682343006134033,,,
4,37599,,,0.8999999761581421,0.0,0.28752127289772034,,,
4,37649,,,0.8999999761581421,0.0,0.4402306079864502,,,
4,37699,,,1.0,1.0,0.19501765072345734,,,
4,37749,,,0.8999999761581421,0.0,0.4046202600002289,,,
4,37799,,,0.6000000238418579,0.0,0.5037068128585815,,,
4,37849,,,0.8999999761581421,0.0,0.47595110535621643,,,
4,37899,,,0.699999988079071,0.0,0.482936292886734,,,
4,37949,,,0.6000000238418579,0.0,0.6089537739753723,,,
4,37999,,,0.800000011920929,0.0,0.44842034578323364,,,
4,38049,,,0.699999988079071,0.0,0.5437086820602417,,,
4,38099,,,0.699999988079071,0.0,0.4578486979007721,,,
4,38149,,,0.5,0.0,0.9592504501342773,,,
4,38199,,,0.5,0.0,0.5297099351882935,,,
4,38249,,,0.800000011920929,0.0,0.4080418050289154,,,
4,38299,,,0.800000011920929,0.0,0.3442835211753845,,,
4,38349,,,1.0,1.0,0.17490673065185547,,,
4,38399,,,0.699999988079071,0.0,0.4965992867946625,,,
4,38449,,,0.8999999761581421,0.0,0.41447344422340393,,,
4,38499,,,0.8999999761581421,0.0,0.13567332923412323,,,
4,38549,,,0.6000000238418579,0.0,0.7148542404174805,,,
4,38599,,,0.8999999761581421,0.0,0.3627750277519226,,,
4,38649,,,0.30000001192092896,0.0,0.9059807062149048,,,
4,38699,,,0.699999988079071,0.0,0.8335138559341431,,,
4,38749,,,0.800000011920929,0.0,0.5450237393379211,,,
4,38799,,,0.8999999761581421,0.0,0.262600302696228,,,
4,38849,,,0.8999999761581421,0.0,0.25407105684280396,,,
4,38899,,,1.0,1.0,0.23617586493492126,,,
4,38949,,,0.6000000238418579,0.0,0.5657324194908142,,,
4,38999,,,0.699999988079071,0.0,0.33191126585006714,,,
4,39049,,,0.5,0.0,0.691377580165863,,,
4,39099,,,0.699999988079071,0.0,0.6411841511726379,,,
4,39149,,,0.800000011920929,0.0,0.30537351965904236,,,
4,39199,,,0.8999999761581421,0.0,0.2448890656232834,,,
4,39249,,,0.8999999761581421,0.0,0.2705070376396179,,,
4,39299,,,0.6000000238418579,0.0,0.7690311074256897,,,
4,39349,,,0.8999999761581421,0.0,0.5142349004745483,,,
4,39399,,,0.8999999761581421,0.0,0.3507121205329895,,,
4,39449,,,0.8999999761581421,0.0,0.36680471897125244,,,
4,39499,,,0.8999999761581421,0.0,0.3418129086494446,,,
4,39549,,,1.0,1.0,0.2049962729215622,,,
4,39599,,,0.800000011920929,0.0,0.4117085933685303,,,
4,39649,,,1.0,1.0,0.17139478027820587,,,
4,39699,,,0.8999999761581421,0.0,0.23440024256706238,,,
4,39749,,,1.0,1.0,0.19771543145179749,,,
4,39799,,,0.699999988079071,0.0,0.42724475264549255,,,
4,39849,,,0.800000011920929,0.0,0.4966301918029785,,,
4,39899,,,0.6000000238418579,0.0,0.5743001103401184,,,
4,39949,,,0.699999988079071,0.0,0.6091410517692566,,,
4,39999,,,0.800000011920929,0.0,0.457355797290802,,,
4,39999,,,,,,0.8031038045883179,0.14800000190734863,0.4246090054512024
5,40049,,,0.6000000238418579,0.0,0.7439560890197754,,,
5,40099,,,1.0,1.0,0.11207352578639984,,,
5,40149,,,0.8999999761581421,0.0,0.370599627494812,,,
5,40199,,,0.800000011920929,0.0,0.3865962326526642,,,
5,40249,,,0.699999988079071,0.0,0.5929131507873535,,,
5,40299,,,1.0,1.0,0.14136181771755219,,,
5,40349,,,0.699999988079071,0.0,0.37796908617019653,,,
5,40399,,,0.8999999761581421,0.0,0.26375800371170044,,,
5,40449,,,0.8999999761581421,0.0,0.25042781233787537,,,
5,40499,,,1.0,1.0,0.21925532817840576,,,
5,40549,,,1.0,1.0,0.29908934235572815,,,
5,40599,,,0.699999988079071,0.0,0.5032955408096313,,,
5,40649,,,0.4000000059604645,0.0,0.959541916847229,,,
5,40699,,,0.8999999761581421,0.0,0.2847813665866852,,,
5,40749,,,0.800000011920929,0.0,0.3535780906677246,,,
5,40799,,,0.800000011920929,0.0,0.3451341986656189,,,
5,40849,,,0.8999999761581421,0.0,0.32569003105163574,,,
5,40899,,,0.8999999761581421,0.0,0.3631875216960907,,,
5,40949,,,1.0,1.0,0.12894219160079956,,,
5,40999,,,0.800000011920929,0.0,0.33885759115219116,,,
5,41049,,,0.8999999761581421,0.0,0.26817548274993896,,,
5,41099,,,0.699999988079071,0.0,0.4807273745536804,,,
5,41149,,,0.699999988079071,0.0,0.4462817311286926,,,
5,41199,,,0.800000011920929,0.0,0.46241655945777893,,,
5,41249,,,0.800000011920929,0.0,0.4101007580757141,,,
5,41299,,,0.6000000238418579,0.0,0.5883854031562805,,,
5,41349,,,0.699999988079071,0.0,0.44903507828712463,,,
5,41399,,,0.8999999761581421,0.0,0.22424516081809998,,,
5,41449,,,0.699999988079071,0.0,0.6117742657661438,,,
5,41499,,,0.800000011920929,0.0,0.4763984680175781,,,
5,41549,,,0.699999988079071,0.0,0.46281272172927856,,,
5,41599,,,0.699999988079071,0.0,0.6312943696975708,,,
5,41649,,,0.699999988079071,0.0,0.557920515537262,,,
5,41699,,,1.0,1.0,0.12035928666591644,,,
5,41749,,,0.8999999761581421,0.0,0.33931878209114075,,,
5,41799,,,0.6000000238418579,0.0,0.6167969703674316,,,
5,41849,,,0.800000011920929,0.0,0.30885177850723267,,,
5,41899,,,0.6000000238418579,0.0,0.7577864527702332,,,
5,41949,,,0.699999988079071,0.0,0.544590413570404,,,
5,41999,,,0.699999988079071,0.0,0.6257797479629517,,,
5,42049,,,0.5,0.0,0.6447926759719849,,,
5,42099,,,0.800000011920929,0.0,0.43875616788864136,,,
5,42149,,,0.699999988079071,0.0,0.6045180559158325,,,
5,42199,,,0.800000011920929,0.0,0.4132913053035736,,,
5,42249,,,0.800000011920929,0.0,0.539913535118103,,,
5,42299,,,0.8999999761581421,0.0,0.29157835245132446,,,
5,42349,,,0.800000011920929,0.0,0.4277549684047699,,,
5,42399,,,0.8999999761581421,0.0,0.7083227634429932,,,
5,42449,,,0.699999988079071,0.0,0.7189390063285828,,,
5,42499,,,1.0,1.0,0.17308871448040009,,,
5,42549,,,0.6000000238418579,0.0,0.6810504794120789,,,
5,42599,,,0.8999999761581421,0.0,0.19933095574378967,,,
5,42649,,,0.800000011920929,0.0,0.3853486180305481,,,
5,42699,,,0.6000000238418579,0.0,0.5068596601486206,,,
5,42749,,,0.699999988079071,0.0,0.540198802947998,,,
5,42799,,,0.800000011920929,0.0,0.40370550751686096,,,
5,42849,,,0.800000011920929,0.0,0.43051400780677795,,,
5,42899,,,0.699999988079071,0.0,0.4868571162223816,,,
5,42949,,,0.699999988079071,0.0,0.6934177875518799,,,
5,42999,,,0.8999999761581421,0.0,0.2627483010292053,,,
5,43049,,,0.5,0.0,0.8350494503974915,,,
5,43099,,,0.800000011920929,0.0,0.3447472155094147,,,
5,43149,,,0.800000011920929,0.0,0.4122588038444519,,,
5,43199,,,0.800000011920929,0.0,0.37510818243026733,,,
5,43249,,,0.800000011920929,0.0,0.285397469997406,,,
5,43299,,,1.0,1.0,0.1381610929965973,,,
5,43349,,,0.800000011920929,0.0,0.37509024143218994,,,
5,43399,,,0.8999999761581421,0.0,0.4687691628932953,,,
5,43449,,,0.8999999761581421,0.0,0.19077998399734497,,,
5,43499,,,0.699999988079071,0.0,0.6638703346252441,,,
5,43549,,,0.800000011920929,0.0,0.7430710792541504,,,
5,43599,,,0.699999988079071,0.0,0.662003219127655,,,
5,43649,,,0.800000011920929,0.0,0.5009418725967407,,,
5,43699,,,0.800000011920929,0.0,0.2868688702583313,,,
5,43749,,,0.8999999761581421,0.0,0.36565709114074707,,,
5,43799,,,0.699999988079071,0.0,0.546364426612854,,,
5,43849,,,1.0,1.0,0.18212033808231354,,,
5,43899,,,1.0,1.0,0.19268791377544403,,,
5,43949,,,0.8999999761581421,0.0,0.3110179305076599,,,
5,43999,,,0.5,0.0,0.9501374959945679,,,
5,44049,,,0.6000000238418579,0.0,0.5916439890861511,,,
5,44099,,,0.699999988079071,0.0,0.6852380037307739,,,
5,44149,,,0.699999988079071,0.0,0.6352365612983704,,,
5,44199,,,0.800000011920929,0.0,0.4782891273498535,,,
5,44249,,,0.4000000059604645,0.0,0.8178356289863586,,,
5,44299,,,0.699999988079071,0.0,0.6289616823196411,,,
5,44349,,,1.0,1.0,0.14256396889686584,,,
5,44399,,,0.6000000238418579,0.0,0.609345018863678,,,
5,44449,,,0.5,0.0,0.8874799609184265,,,
5,44499,,,1.0,1.0,0.22948074340820312,,,
5,44549,,,1.0,1.0,0.20600219070911407,,,
5,44599,,,0.800000011920929,0.0,0.35955381393432617,,,
5,44649,,,1.0,1.0,0.280373215675354,,,
5,44699,,,1.0,1.0,0.333991140127182,,,
5,44749,,,0.699999988079071,0.0,0.6384222507476807,,,
5,44799,,,0.6000000238418579,0.0,0.7281262278556824,,,
5,44849,,,0.800000011920929,0.0,0.502822995185852,,,
5,44899,,,0.6000000238418579,0.0,0.9077613949775696,,,
5,44949,,,0.699999988079071,0.0,0.4972909986972809,,,
5,44999,,,0.8999999761581421,0.0,0.26002970337867737,,,
5,45049,,,0.8999999761581421,0.0,0.29555952548980713,,,
5,45099,,,0.800000011920929,0.0,0.28484058380126953,,,
5,45149,,,0.6000000238418579,0.0,0.589335560798645,,,
5,45199,,,0.800000011920929,0.0,0.47738227248191833,,,
5,45249,,,0.800000011920929,0.0,0.20993216335773468,,,
5,45299,,,1.0,1.0,0.23946332931518555,,,
5,45349,,,0.699999988079071,0.0,0.5345289707183838,,,
5,45399,,,0.6000000238418579,0.0,0.785675048828125,,,
5,45449,,,0.699999988079071,0.0,0.5984879732131958,,,
5,45499,,,0.699999988079071,0.0,0.5618540048599243,,,
5,45549,,,0.800000011920929,0.0,0.5971554517745972,,,
5,45599,,,0.800000011920929,0.0,0.42866572737693787,,,
5,45649,,,0.8999999761581421,0.0,0.25882309675216675,,,
5,45699,,,0.699999988079071,0.0,0.5401917695999146,,,
5,45749,,,0.6000000238418579,0.0,0.5990519523620605,,,
5,45799,,,0.800000011920929,0.0,0.4128769040107727,,,
5,45849,,,1.0,1.0,0.08564943075180054,,,
5,45899,,,0.800000011920929,0.0,0.3255525529384613,,,
5,45949,,,0.8999999761581421,0.0,0.27208805084228516,,,
5,45999,,,0.8999999761581421,0.0,0.29312220215797424,,,
5,46049,,,0.800000011920929,0.0,0.44178682565689087,,,
5,46099,,,0.699999988079071,0.0,0.5052356123924255,,,
5,46149,,,0.800000011920929,0.0,0.4022287428379059,,,
5,46199,,,0.6000000238418579,0.0,0.3984962999820709,,,
5,46249,,,0.8999999761581421,0.0,0.38807106018066406,,,
5,46299,,,0.800000011920929,0.0,0.3477458953857422,,,
5,46349,,,0.5,0.0,0.8499034643173218,,,
5,46399,,,0.800000011920929,0.0,0.37231311202049255,,,
5,46449,,,1.0,1.0,0.08090554177761078,,,
5,46499,,,0.800000011920929,0.0,0.3067353665828705,,,
5,46549,,,0.699999988079071,0.0,0.41789764165878296,,,
5,46599,,,0.699999988079071,0.0,0.5167688131332397,,,
5,46649,,,0.8999999761581421,0.0,0.35614675283432007,,,
5,46699,,,0.8999999761581421,0.0,0.41887393593788147,,,
5,46749,,,0.699999988079071,0.0,0.4324236810207367,,,
5,46799,,,0.8999999761581421,0.0,0.3687547743320465,,,
5,46849,,,0.8999999761581421,0.0,0.289324551820755,,,
5,46899,,,0.5,0.0,0.6233552098274231,,,
5,46949,,,0.4000000059604645,0.0,1.0263257026672363,,,
5,46999,,,0.699999988079071,0.0,0.6050689220428467,,,
5,47049,,,0.699999988079071,0.0,0.5244958996772766,,,
5,47099,,,1.0,1.0,0.14489451050758362,,,
5,47149,,,0.800000011920929,0.0,0.34380248188972473,,,
5,47199,,,0.6000000238418579,0.0,0.6196918487548828,,,
5,47249,,,0.699999988079071,0.0,0.418283611536026,,,
5,47299,,,0.5,0.0,0.666968047618866,,,
5,47349,,,0.8999999761581421,0.0,0.32371997833251953,,,
5,47399,,,1.0,1.0,0.2644497752189636,,,
5,47449,,,0.800000011920929,0.0,0.31467846035957336,,,
5,47499,,,0.699999988079071,0.0,0.4845227599143982,,,
5,47549,,,0.699999988079071,0.0,0.5117014050483704,,,
5,47599,,,1.0,1.0,0.17364656925201416,,,
5,47649,,,0.6000000238418579,0.0,0.742811381816864,,,
5,47699,,,0.800000011920929,0.0,0.47849854826927185,,,
5,47749,,,0.8999999761581421,0.0,0.28191077709198,,,
5,47799,,,0.8999999761581421,0.0,0.2741689085960388,,,
5,47849,,,0.8999999761581421,0.0,0.37660637497901917,,,
5,47899,,,0.800000011920929,0.0,0.5180802941322327,,,
5,47949,,,1.0,1.0,0.13956646621227264,,,
5,47999,,,0.800000011920929,0.0,0.45061975717544556,,,
5,47999,,,,,,0.8064034581184387,0.16699999570846558,0.41999199986457825
6,48049,,,0.699999988079071,0.0,0.5422500371932983,,,
6,48099,,,0.699999988079071,0.0,0.7032296061515808,,,
6,48149,,,0.8999999761581421,0.0,0.2212262600660324,,,
6,48199,,,0.699999988079071,0.0,0.6469385623931885,,,
6,48249,,,0.699999988079071,0.0,0.4635726511478424,,,
6,48299,,,0.800000011920929,0.0,0.2545400559902191,,,
6,48349,,,0.8999999761581421,0.0,0.2889723777770996,,,
6,48399,,,0.800000011920929,0.0,0.3179865777492523,,,
6,48449,,,0.6000000238418579,0.0,0.693213939666748,,,
6,48499,,,0.699999988079071,0.0,0.6773490309715271,,,
6,48549,,,0.800000011920929,0.0,0.5104438066482544,,,
6,48599,,,0.5,0.0,0.6499919891357422,,,
6,48649,,,0.8999999761581421,0.0,0.32268399000167847,,,
6,48699,,,1.0,1.0,0.165678471326828,,,
6,48749,,,0.8999999761581421,0.0,0.4148581922054291,,,
6,48799,,,0.4000000059604645,0.0,0.7745352983474731,,,
6,48849,,,0.800000011920929,0.0,0.4964313507080078,,,
6,48899,,,0.8999999761581421,0.0,0.2555069029331207,,,
6,48949,,,0.699999988079071,0.0,0.3531385660171509,,,
6,48999,,,0.8999999761581421,0.0,0.3457140028476715,,,
6,49049,,,0.800000011920929,0.0,0.5676320791244507,,,
6,49099,,,0.6000000238418579,0.0,0.5937293767929077,,,
6,49149,,,0.800000011920929,0.0,0.3139452338218689,,,
6,49199,,,0.6000000238418579,0.0,0.7015362977981567,,,
6,49249,,,0.699999988079071,0.0,0.549267590045929,,,
6,49299,,,0.8999999761581421,0.0,0.3160136342048645,,,
6,49349,,,0.8999999761581421,0.0,0.19717960059642792,,,
6,49399,,,0.6000000238418579,0.0,0.8264354467391968,,,
6,49449,,,0.6000000238418579,0.0,0.8187713623046875,,,
6,49499,,,1.0,1.0,0.10256018489599228,,,
6,49549,,,0.699999988079071,0.0,0.6080130934715271,,,
6,49599,,,1.0,1.0,0.1778913140296936,,,
6,49649,,,0.6000000238418579,0.0,0.626785159111023,,,
6,49699,,,1.0,1.0,0.28283530473709106,,,
6,49749,,,0.800000011920929,0.0,0.5497695803642273,,,
6,49799,,,0.699999988079071,0.0,0.5017119646072388,,,
6,49849,,,0.800000011920929,0.0,0.3828529417514801,,,
6,49899,,,1.0,1.0,0.23680448532104492,,,
6,49949,,,0.699999988079071,0.0,0.3806813359260559,,,
6,49999,,,0.800000011920929,0.0,0.2709835171699524,,,
6,50049,,,0.6000000238418579,0.0,0.7546091675758362,,,
6,50099,,,0.8999999761581421,0.0,0.27650076150894165,,,
6,50149,,,1.0,1.0,0.1097535490989685,,,
6,50199,,,0.8999999761581421,0.0,0.23938485980033875,,,
6,50249,,,0.699999988079071,0.0,0.39973217248916626,,,
6,50299,,,0.699999988079071,0.0,0.6179827451705933,,,
6,50349,,,1.0,1.0,0.135850191116333,,,
6,50399,,,0.699999988079071,0.0,0.44756412506103516,,,
6,50449,,,0.5,0.0,0.9817308187484741,,,
6,50499,,,0.800000011920929,0.0,0.368369996547699,,,
6,50549,,,0.800000011920929,0.0,0.4462248384952545,,,
6,50599,,,0.699999988079071,0.0,0.5155705213546753,,,
6,50649,,,1.0,1.0,0.23573604226112366,,,
6,50699,,,0.800000011920929,0.0,0.2578414976596832,,,
6,50749,,,1.0,1.0,0.16756577789783478,,,
6,50799,,,0.699999988079071,0.0,0.5136759877204895,,,
6,50849,,,0.8999999761581421,0.0,0.28399747610092163,,,
6,50899,,,1.0,1.0,0.25405293703079224,,,
6,50949,,,0.699999988079071,0.0,0.4600156843662262,,,
6,50999,,,1.0,1.0,0.11392365396022797,,,
6,51049,,,0.800000011920929,0.0,0.7714119553565979,,,
6,51099,,,0.6000000238418579,0.0,0.7784223556518555,,,
6,51149,,,1.0,1.0,0.18144455552101135,,,
6,51199,,,0.800000011920929,0.0,0.34249162673950195,,,
6,51249,,,0.8999999761581421,0.0,0.36105385422706604,,,
6,51299,,,1.0,1.0,0.12217412143945694,,,
6,51349,,,1.0,1.0,0.21812447905540466,,,
6,51399,,,1.0,1.0,0.1485442817211151,,,
6,51449,,,0.699999988079071,0.0,0.40896672010421753,,,
6,51499,,,0.5,0.0,0.7165748476982117,,,
6,51549,,,0.5,0.0,0.8321830630302429,,,
6,51599,,,0.8999999761581421,0.0,0.37242627143859863,,,
6,51649,,,0.699999988079071,0.0,0.43607649207115173,,,
6,51699,,,0.800000011920929,0.0,0.3856964111328125,,,
6,51749,,,0.4000000059604645,0.0,0.9967185854911804,,,
6,51799,,,0.6000000238418579,0.0,0.7637027502059937,,,
6,51849,,,0.6000000238418579,0.0,0.48491302132606506,,,
6,51899,,,0.6000000238418579,0.0,0.5696762204170227,,,
6,51949,,,0.8999999761581421,0.0,0.15430708229541779,,,
6,51999,,,0.6000000238418579,0.0,0.6928583383560181,,,
6,52049,,,0.800000011920929,0.0,0.4707797169685364,,,
6,52099,,,0.800000011920929,0.0,0.41112828254699707,,,
6,52149,,,1.0,1.0,0.2729855179786682,,,
6,52199,,,0.800000011920929,0.0,0.5349003672599792,,,
6,52249,,,0.699999988079071,0.0,0.4342685341835022,,,
6,52299,,,1.0,1.0,0.17811349034309387,,,
6,52349,,,0.699999988079071,0.0,0.5790216326713562,,,
6,52399,,,0.8999999761581421,0.0,0.38322460651397705,,,
6,52449,,,0.699999988079071,0.0,0.6049476861953735,,,
6,52499,,,0.699999988079071,0.0,0.3676036596298218,,,
6,52549,,,0.699999988079071,0.0,0.5948750972747803,,,
6,52599,,,0.4000000059604645,0.0,1.1319611072540283,,,
6,52649,,,0.699999988079071,0.0,0.521882951259613,,,
6,52699,,,0.5,0.0,0.7179555296897888,,,
6,52749,,,0.800000011920929,0.0,0.40526705980300903,,,
6,52799,,,0.8999999761581421,0.0,0.40000486373901367,,,
6,52849,,,0.8999999761581421,0.0,0.2389436960220337,,,
6,52899,,,0.800000011920929,0.0,0.3646472096443176,,,
6,52949,,,0.800000011920929,0.0,0.35164782404899597,,,
6,52999,,,0.800000011920929,0.0,0.4784126877784729,,,
6,53049,,,0.800000011920929,0.0,0.3629758358001709,,,
6,53099,,,1.0,1.0,0.24066825211048126,,,
6,53149,,,1.0,1.0,0.22000733017921448,,,
6,53199,,,0.800000011920929,0.0,0.5258156061172485,,,
6,53249,,,0.8999999761581421,0.0,0.41619330644607544,,,
6,53299,,,0.699999988079071,0.0,0.6296442747116089,,,
6,53349,,,0.8999999761581421,0.0,0.23211708664894104,,,
6,53399,,,0.6000000238418579,0.0,0.5283136367797852,,,
6,53449,,,0.8999999761581421,0.0,0.3638727366924286,,,
6,53499,,,0.8999999761581421,0.0,0.3462540805339813,,,
6,53549,,,0.699999988079071,0.0,0.4869764447212219,,,
6,53599,,,0.8999999761581421,0.0,0.32461825013160706,,,
6,53649,,,1.0,1.0,0.20722171664237976,,,
6,53699,,,0.6000000238418579,0.0,0.6250783801078796,,,
6,53749,,,0.699999988079071,0.0,0.48431530594825745,,,
6,53799,,,0.699999988079071,0.0,0.5486801266670227,,,
6,53849,,,0.8999999761581421,0.0,0.3801327645778656,,,
6,53899,,,0.699999988079071,0.0,0.32126903533935547,,,
6,53949,,,0.8999999761581421,0.0,0.2417028248310089,,,
6,53999,,,0.8999999761581421,0.0,0.3007567226886749,,,
6,54049,,,1.0,1.0,0.15666064620018005,,,
6,54099,,,0.6000000238418579,0.0,0.5811689496040344,,,
6,54149,,,0.699999988079071,0.0,0.5058618783950806,,,
6,54199,,,1.0,1.0,0.22919349372386932,,,
6,54249,,,0.8999999761581421,0.0,0.4569877088069916,,,
6,54299,,,0.800000011920929,0.0,0.4196653962135315,,,
6,54349,,,0.6000000238418579,0.0,0.5715200304985046,,,
6,54399,,,1.0,1.0,0.1865234673023224,,,
6,54449,,,0.800000011920929,0.0,0.41473665833473206,,,
6,54499,,,0.5,0.0,0.8665668368339539,,,
6,54549,,,0.5,0.0,0.5639963746070862,,,
6,54599,,,0.8999999761581421,0.0,0.3755344748497009,,,
6,54649,,,0.800000011920929,0.0,0.3473760187625885,,,
6,54699,,,0.8999999761581421,0.0,0.3015216290950775,,,
6,54749,,,1.0,1.0,0.1020166277885437,,,
6,54799,,,0.8999999761581421,0.0,0.2883816361427307,,,
6,54849,,,0.8999999761581421,0.0,0.29823964834213257,,,
6,54899,,,0.8999999761581421,0.0,0.34994226694107056,,,
6,54949,,,0.800000011920929,0.0,0.3517727255821228,,,
6,54999,,,0.8999999761581421,0.0,0.2717735469341278,,,
6,55049,,,0.800000011920929,0.0,0.3456016182899475,,,
6,55099,,,0.800000011920929,0.0,0.32537609338760376,,,
6,55149,,,0.699999988079071,0.0,0.6025453805923462,,,
6,55199,,,0.6000000238418579,0.0,0.5585594177246094,,,
6,55249,,,0.800000011920929,0.0,0.4789551794528961,,,
6,55299,,,0.699999988079071,0.0,0.6430180668830872,,,
6,55349,,,0.800000011920929,0.0,0.3570530414581299,,,
6,55399,,,0.699999988079071,0.0,0.5821785926818848,,,
6,55449,,,1.0,1.0,0.23597881197929382,,,
6,55499,,,0.8999999761581421,0.0,0.4868129789829254,,,
6,55549,,,0.8999999761581421,0.0,0.393341600894928,,,
6,55599,,,1.0,1.0,0.31380337476730347,,,
6,55649,,,1.0,1.0,0.19422069191932678,,,
6,55699,,,0.699999988079071,0.0,0.5345195531845093,,,
6,55749,,,0.6000000238418579,0.0,0.9129427075386047,,,
6,55799,,,0.699999988079071,0.0,0.3967381417751312,,,
6,55849,,,0.8999999761581421,0.0,0.31755250692367554,,,
6,55899,,,0.800000011920929,0.0,0.4903962016105652,,,
6,55949,,,1.0,1.0,0.2304038107395172,,,
6,55999,,,0.800000011920929,0.0,0.4096764922142029,,,
6,55999,,,,,,0.8031038045883179,0.14800000190734863,0.42664599418640137
7,56000,0.8064034581184387,0.16699999570846558,,,,,,
